<?xml version="1.0" encoding="UTF-8"?>
<jcr:root xmlns:jcr="http://www.jcp.org/jcr/1.0" xmlns:nt="http://www.jcp.org/jcr/nt/1.0" xmlns:granite="http://www.adobe.com/jcr/granite/1.0" xmlns:cq="http://www.day.com/jcr/cq/1.0" xmlns:sling="http://sling.apache.org/jcr/sling/1.0"
    jcr:primaryType="nt:unstructured"
    jcr:title="Text"
    sling:resourceType="cq/gui/components/authoring/dialog"
    helpPath="https://www.adobe.com/go/aem_cmp_text_v2"
    trackingFeature="core-components:text:v2">
    <content
        jcr:primaryType="nt:unstructured"
        sling:resourceType="granite/ui/components/coral/foundation/container">
        <items jcr:primaryType="nt:unstructured">
            <tabs
                jcr:primaryType="nt:unstructured"
                sling:resourceType="granite/ui/components/coral/foundation/tabs"
                maximized="{Boolean}true">
                <items
                    jcr:primaryType="nt:unstructured"
                    sling:hideChildren="styletab">
                    <properties
                        jcr:primaryType="nt:unstructured"
                        jcr:title="Properties"
                        sling:resourceType="granite/ui/components/coral/foundation/container"
                        margin="{Boolean}true">
                        <items jcr:primaryType="nt:unstructured">
                            <columns
                                jcr:primaryType="nt:unstructured"
                                sling:resourceType="granite/ui/components/coral/foundation/fixedcolumns"
                                margin="{Boolean}true">
                                <items jcr:primaryType="nt:unstructured">
                                    <column
                                        granite:class="cq-RichText-FixedColumn-column"
                                        jcr:primaryType="nt:unstructured"
                                        sling:resourceType="granite/ui/components/coral/foundation/container">
                                        <items jcr:primaryType="nt:unstructured">
                                            <text
                                                jcr:primaryType="nt:unstructured"
                                                sling:resourceType="cq/gui/components/authoring/dialog/richtext"
                                                externalStyleSheets="[/apps/pacific-dental/clientlibs/clientlib-smile_generation/css/smile_generation.css]"
                                                name="./text"
                                                useFixedInlineToolbar="{Boolean}true">
                                                <rtePlugins jcr:primaryType="nt:unstructured">
                                                    <format
                                                        jcr:primaryType="nt:unstructured"
                                                        features="bold,italic"/>
                                                    <justify
                                                        jcr:primaryType="nt:unstructured"
                                                        features="-"/>
                                                    <links
                                                        jcr:primaryType="nt:unstructured"
                                                        features="modifylink,unlink"/>
                                                    <lists
                                                        jcr:primaryType="nt:unstructured"
                                                        features="*"/>
                                                    <misctools jcr:primaryType="nt:unstructured">
                                                        <specialCharsConfig jcr:primaryType="nt:unstructured">
                                                            <chars jcr:primaryType="nt:unstructured">
                                                                <default_copyright
                                                                    jcr:primaryType="nt:unstructured"
                                                                    entity="&amp;copy;"
                                                                    name="copyright"/>
                                                                <default_euro
                                                                    jcr:primaryType="nt:unstructured"
                                                                    entity="&amp;euro;"
                                                                    name="euro"/>
                                                                <default_registered
                                                                    jcr:primaryType="nt:unstructured"
                                                                    entity="&amp;reg;"
                                                                    name="registered"/>
                                                                <default_trademark
                                                                    jcr:primaryType="nt:unstructured"
                                                                    entity="&amp;trade;"
                                                                    name="trademark"/>
                                                            </chars>
                                                        </specialCharsConfig>
                                                    </misctools>
                                                    <paraformat
                                                        jcr:primaryType="nt:unstructured"
                                                        features="*">
                                                        <formats jcr:primaryType="nt:unstructured">
                                                            <default_p
                                                                jcr:primaryType="nt:unstructured"
                                                                description="Paragraph"
                                                                tag="p"/>
                                                            <default_blockquote
                                                                jcr:primaryType="nt:unstructured"
                                                                description="Quote"
                                                                tag="blockquote"/>
                                                            <default_pre
                                                                jcr:primaryType="nt:unstructured"
                                                                description="Preformatted"
                                                                tag="pre"/>
                                                        </formats>
                                                    </paraformat>
                                                    <table
                                                        jcr:primaryType="nt:unstructured"
                                                        features="-">
                                                        <hiddenHeaderConfig
                                                            jcr:primaryType="nt:unstructured"
                                                            hiddenHeaderClassName="cq-wcm-foundation-aria-visuallyhidden"
                                                            hiddenHeaderEditingCSS="cq-RichText-hiddenHeader--editing"/>
                                                    </table>
                                                    <tracklinks
                                                        jcr:primaryType="nt:unstructured"
                                                        features="*"/>
                                                    <styles
                                                        jcr:primaryType="nt:unstructured"
                                                        features="*">
                                                        <styles jcr:primaryType="cq:WidgetCollection">
                                                            <poppins
                                                                jcr:primaryType="nt:unstructured"
                                                                cssName="font-poppins  font-poppins--regular"
                                                                text="Poppins"/>
                                                            <poppinsSemibold
                                                                jcr:primaryType="nt:unstructured"
                                                                cssName="font-poppins  font-poppins--semibold"
                                                                text="Poppins Semibold"/>
                                                            <roboto
                                                                jcr:primaryType="nt:unstructured"
                                                                cssName="font-roboto-serif font-roboto-serif--regular"
                                                                text="Roboto"/>
                                                            <robotoSemibold
                                                                jcr:primaryType="nt:unstructured"
                                                                cssName="font-roboto-serif font-roboto-serif--semibold"
                                                                text="Roboto Semibold"/>
                                                            <whitefont
                                                                jcr:primaryType="nt:unstructured"
                                                                cssName="text-white"
                                                                text="White Font"/>
                                                            <title1
                                                                jcr:primaryType="nt:unstructured"
                                                                cssName="title-1"
                                                                text="Title 1"/>
                                                            <title2
                                                                jcr:primaryType="nt:unstructured"
                                                                cssName="title-2"
                                                                text="Title 2"/>
                                                            <title3
                                                                jcr:primaryType="nt:unstructured"
                                                                cssName="title-3"
                                                                text="Title 3"/>
                                                            <title4
                                                                jcr:primaryType="nt:unstructured"
                                                                cssName="title-4"
                                                                text="Title 4"/>
                                                            <title5
                                                                jcr:primaryType="nt:unstructured"
                                                                cssName="title-5"
                                                                text="Title 5"/>
                                                            <title6
                                                                jcr:primaryType="nt:unstructured"
                                                                cssName="title-6"
                                                                text="Title 6"/>
                                                            <title7
                                                                jcr:primaryType="nt:unstructured"
                                                                cssName="title-7"
                                                                text="Title 7"/>
                                                            <title8
                                                                jcr:primaryType="nt:unstructured"
                                                                cssName="title-8"
                                                                text="Title 8"/>
                                                            <title9
                                                                jcr:primaryType="nt:unstructured"
                                                                cssName="title-9"
                                                                text="Title 9"/>
                                                        </styles>
                                                    </styles>
                                                </rtePlugins>
                                                <uiSettings jcr:primaryType="nt:unstructured">
                                                    <cui jcr:primaryType="nt:unstructured">
                                                        <inline
                                                            jcr:primaryType="nt:unstructured"
                                                            toolbar="[format#bold,format#italic,format#underline,lists#unordered,lists#ordered,lists#outdent,lists#indent,links#modifylink,links#unlink,links#anchor,#paraformat,image#imageProps,subsuperscript#subscript,subsuperscript#superscript,spellcheck#checktext,misctools#sourceedit,edit#cut,edit#copy,edit#paste-default,edit#paste-plaintext,edit#paste-wordhtml,undo#undo,undo#redo,#justify,findreplace#find,findreplace#replace,misctools#specialchars,#styles,table#table]">
                                                            <popovers jcr:primaryType="nt:unstructured">
                                                                <justify
                                                                    jcr:primaryType="nt:unstructured"
                                                                    items="[justify#justifyleft,justify#justifycenter,justify#justifyright,justify#justifyjustify]"
                                                                    ref="justify"/>
                                                                <lists
                                                                    jcr:primaryType="nt:unstructured"
                                                                    items="[lists#unordered,lists#ordered,lists#outdent,lists#indent]"
                                                                    ref="lists"/>
                                                                <paraformat
                                                                    jcr:primaryType="nt:unstructured"
                                                                    items="paraformat:getFormats:paraformat-pulldown"
                                                                    ref="paraformat"/>
                                                                <styles
                                                                    jcr:primaryType="nt:unstructured"
                                                                    items="styles:getStyles:styles-pulldown"
                                                                    ref="styles"
                                                                    title="styles"/>
                                                            </popovers>
                                                        </inline>
                                                        <tableEditOptions
                                                            jcr:primaryType="nt:unstructured"
                                                            toolbar="[table#insertcolumn-before,table#insertcolumn-after,table#removecolumn,-,table#insertrow-before,table#insertrow-after,table#removerow,-,table#mergecells-right,table#mergecells-down,table#mergecells,table#splitcell-horizontal,table#splitcell-vertical,-,table#selectrow,table#selectcolumn,-,table#ensureparagraph,-,table#modifytableandcell,table#removetable,-,undo#undo,undo#redo,-,table#exitTableEditing,-]"/>
                                                    </cui>
                                                </uiSettings>
                                            </text>
                                            <id
                                                jcr:primaryType="nt:unstructured"
                                                sling:resourceType="granite/ui/components/coral/foundation/form/textfield"
                                                fieldDescription="HTML ID attribute to apply to the component."
                                                fieldLabel="ID"
                                                name="./id"
                                                validation="html-unique-id-validator"/>
                                        </items>
                                    </column>
                                </items>
                            </columns>
                        </items>
                    </properties>
                    <styletab
                        jcr:primaryType="nt:unstructured"
                        sling:resourceType="granite/ui/components/coral/foundation/include"
                        path="/mnt/overlay/cq/gui/components/authoring/dialog/style/tab_edit/styletab"/>
                </items>
            </tabs>
        </items>
    </content>
</jcr:root>
